id	name	shortname	original_size	intro
379	FINAL EXAM Part I (Writing) 	IEAP1W-2020T4E	1877	<p></p><h5>Write a short paragraph of at least 10 sentences to&nbsp;<b><u>describe the place where you live</u></b>. What do you like or dislike about it?</h5><h5>Use specific details and adjectives to&nbsp;<u>explain</u>&nbsp;your answers.&nbsp;</h5><h5>Make sure to organize the paragraph with &nbsp;<b>a topic sentence&nbsp;</b>and&nbsp;<b>supporting detail sentences.</b></h5><h5>Use&nbsp;<b>prepositional phrases&nbsp;</b>to describe locations<b>,</b>&nbsp;<b>there is / there are</b><i>,&nbsp;</i><b>articles<i>&nbsp;</i></b>and proper<i>&nbsp;</i><b>grammar&nbsp;</b>and&nbsp;<b>punctuation</b>.</h5><p><b><i><span lang="KHM">·ûü·û∑·ûü·üí·ûü·ûì·ûπ·ûÑ·ûî·û∂·ûì·ûñ·û∑·ûì·üí·ûë·ûª·ûë·üÖ·ûõ·ûæ·ûÄ·û∂·ûö·ûú·û∂·ûô·ûè·ûò·üí·ûõ·üÉ\n·ü• ·ûÖ·üÜ·ûé·ûª·ûÖ‚Äã·ûä·ûº·ûÖ·ûÅ·û∂·ûÑ·ûÄ·üí·ûö·üÑ·ûò</span></i></b><b><i><span lang="KHM"> </span></i></b><b><i><span lang="KHM">·üñ</span></i></b></p>\n\n<p><!--[if !supportLists]--><span lang="PT-BR">1.&nbsp; &nbsp; &nbsp;It has&nbsp;</span><span lang="PT-BR">&nbsp;a <b>topic sentence</b> and <b>supporting details</b> (4\npoints) </span></p>\n\n<p><!--[if !supportLists]--><span lang="PT-BR">2.&nbsp;&nbsp;&nbsp;&nbsp;\n</span><span lang="PT-BR">&nbsp; Students use <b>prepositional phrases</b>\nto describe locations (4 points) </span></p>\n\n<p><!--[if !supportLists]--><span lang="PT-BR">3.&nbsp; &nbsp; Students&nbsp; u</span><span lang="PT-BR">se<i> <b>there is</b> </i>and\n<b><i>there are</i></b><i> </i>appropriately with <u>singula</u>r and <u>plural\n</u><b>nouns</b> (4 points) &nbsp;</span></p>\n\n<p><!--[if !supportLists]-->4.&nbsp;&nbsp;&nbsp;&nbsp; <!--[endif]-->Each sentence begins with a <b>capital</b> <b>letter</b> and ends with\na <b>period</b>. (4 points) &nbsp;</p>\n\n<p><!--[if !supportLists]-->5.&nbsp; &nbsp; &nbsp;Students use the articles <b><i>a, an, the </i></b>correctly&nbsp; (4points) </p><br><br><p></p>
3880	Descriptive Short Essay Practice.	IEAP-3W-2022T1E	1750	<p dir="ltr" style="text-align: left;">Now is your chance to practice writing your first short essay before your exam on Monday the 7th.&nbsp; I want you to write a 3 paragraph essay that....<br><br>1.&nbsp; Describe your favorite food; Think of these questions to help you write.&nbsp; What is it?&nbsp; Where do you eat it?&nbsp; Who do you eat it with?&nbsp; What does it taste, look, sound, smell and feel like?&nbsp; Do you cook it, or buy it somewhere? What do you hear when you cook it or eat it?&nbsp; Why is it your favorite?<br><br>OR<br><br><br>2.&nbsp; Describe your favorite place to visit.&nbsp; Where is it?&nbsp; Why is it important to you?&nbsp; Who do you go there with?&nbsp; What do you see, hear, feel, smell and taste when you are there?&nbsp;&nbsp;<br><br>Each essay should have an introductory paragraph with a hook, background information, and a strong thesis statement with your main idea for the whole essay.&nbsp; It should have one body paragraph with a topic sentence, and several specific details and descriptions to make your subject come alive to the reader.&nbsp; And you should finish with a concluding paragraph that restates your main idea, gives your main points, and maybe your final thoughts about your subject.&nbsp;&nbsp;<br><br>It is due in just a few days so I can give you feedback before your exam. You can submit a file, or you can type directly into Moodle. Do it, and do your best.&nbsp; Remember the form, and the layout from page 3 in your writing book.&nbsp; Indent the beginning of each paragraph.&nbsp; Do not copy anything from the internet or other students.&nbsp; You will need to be able to write a different and maybe longer one on Monday, so do your best.&nbsp; You CAN DO IT!&nbsp;<br></p>
1041	Final EXAM: Part II (Writing) 	IEAP-1WE-2020T1E	1720	<p><p><b>Write a short paragraph of at least 10\nsentences to&nbsp;<u>describe the place where you live</u>. What do you like or\ndislike about it?</b></p>\n\n<p><b>Use specific details and adjectives to&nbsp;<u>explain</u>&nbsp;your\nanswers.&nbsp;</b></p>\n\n<p><b>Make sure to organize the paragraph with\n&nbsp;a topic sentence&nbsp;and&nbsp;supporting detail sentences.</b></p>\n\n<p><b>Use&nbsp;prepositional phrases&nbsp;to\ndescribe locations,&nbsp;there is / there are<i>,&nbsp;</i>articles<i>&nbsp;</i>and\nproper<i>&nbsp;</i>grammar&nbsp;and&nbsp;punctuation.</b></p>\n\n<p><b><i><span lang="KHM">·ûü·û∑·ûü·üí·ûü·ûì·ûπ·ûÑ·ûî·û∂·ûì·ûñ·û∑·ûì·üí·ûë·ûª·ûë·üÖ·ûõ·ûæ·ûÄ·û∂·ûö·ûú·û∂·ûô·ûè·ûò·üí·ûõ·üÉ ·ü•\n·ûÖ·üÜ·ûé·ûª·ûÖ‚Äã·ûä·ûº·ûÖ·ûÅ·û∂·ûÑ·ûÄ·üí·ûö·üÑ·ûò</span></i></b><b><i>&nbsp;</i></b><b><i><span lang="KHM">·üñ</span></i></b></p>\n\n<p><span lang="PT-BR">1.&nbsp;\n&nbsp; &nbsp;It has&nbsp;&nbsp;a&nbsp;<b>topic sentence</b>&nbsp;and&nbsp;<b>supporting\ndetails</b>&nbsp;(4 points)</span></p>\n\n<p><span lang="PT-BR">2.&nbsp;&nbsp;&nbsp;&nbsp;&nbsp;&nbsp;\nStudents use&nbsp;<b>prepositional phrases</b>&nbsp;to describe locations (4\npoints)</span></p>\n\n<p><span lang="PT-BR">3.&nbsp;\n&nbsp; Students&nbsp; use<i>&nbsp;<b>there is</b>&nbsp;</i>and&nbsp;<b><i>there\nare</i></b><i>&nbsp;</i>appropriately with&nbsp;<u>singula</u>r and&nbsp;<u>plural&nbsp;</u><b>nouns</b>&nbsp;(4\npoints) &nbsp;</span></p>\n\n<p>4.&nbsp;&nbsp;&nbsp;&nbsp;&nbsp;Each sentence\nbegins with a&nbsp;<b>capital</b>&nbsp;<b>letter</b>&nbsp;and ends with a&nbsp;<b>period</b>.\n(4 points) &nbsp;</p>\n\n<p>5.&nbsp; &nbsp; &nbsp;Students use the\narticles&nbsp;<b><i>a, an, the&nbsp;</i></b>correctly&nbsp; (4points)</p><br></p>
1206	Final EXAM: Part II (Writing) 	IEAP-1W-2019-2020T3E	1720	<p><p><b>Write a short paragraph of at least 10\nsentences to&nbsp;<u>describe the place where you live</u>. What do you like or\ndislike about it?</b></p>\n\n<p><b>Use specific details and adjectives to&nbsp;<u>explain</u>&nbsp;your\nanswers.&nbsp;</b></p>\n\n<p><b>Make sure to organize the paragraph with\n&nbsp;a topic sentence&nbsp;and&nbsp;supporting detail sentences.</b></p>\n\n<p><b>Use&nbsp;prepositional phrases&nbsp;to\ndescribe locations,&nbsp;there is / there are<i>,&nbsp;</i>articles<i>&nbsp;</i>and\nproper<i>&nbsp;</i>grammar&nbsp;and&nbsp;punctuation.</b></p>\n\n<p><b><i><span lang="KHM">·ûü·û∑·ûü·üí·ûü·ûì·ûπ·ûÑ·ûî·û∂·ûì·ûñ·û∑·ûì·üí·ûë·ûª·ûë·üÖ·ûõ·ûæ·ûÄ·û∂·ûö·ûú·û∂·ûô·ûè·ûò·üí·ûõ·üÉ ·ü•\n·ûÖ·üÜ·ûé·ûª·ûÖ‚Äã·ûä·ûº·ûÖ·ûÅ·û∂·ûÑ·ûÄ·üí·ûö·üÑ·ûò</span></i></b><b><i>&nbsp;</i></b><b><i><span lang="KHM">·üñ</span></i></b></p>\n\n<p><span lang="PT-BR">1.&nbsp;\n&nbsp; &nbsp;It has&nbsp;&nbsp;a&nbsp;<b>topic sentence</b>&nbsp;and&nbsp;<b>supporting\ndetails</b>&nbsp;(4 points)</span></p>\n\n<p><span lang="PT-BR">2.&nbsp;&nbsp;&nbsp;&nbsp;&nbsp;&nbsp;\nStudents use&nbsp;<b>prepositional phrases</b>&nbsp;to describe locations (4\npoints)</span></p>\n\n<p><span lang="PT-BR">3.&nbsp;\n&nbsp; Students&nbsp; use<i>&nbsp;<b>there is</b>&nbsp;</i>and&nbsp;<b><i>there\nare</i></b><i>&nbsp;</i>appropriately with&nbsp;<u>singula</u>r and&nbsp;<u>plural&nbsp;</u><b>nouns</b>&nbsp;(4\npoints) &nbsp;</span></p>\n\n<p>4.&nbsp;&nbsp;&nbsp;&nbsp;&nbsp;Each sentence\nbegins with a&nbsp;<b>capital</b>&nbsp;<b>letter</b>&nbsp;and ends with a&nbsp;<b>period</b>.\n(4 points) &nbsp;</p>\n\n<p>5.&nbsp; &nbsp; &nbsp;Students use the\narticles&nbsp;<b><i>a, an, the&nbsp;</i></b>correctly&nbsp; (4points)</p><br></p>
1777	Final EXAM: Part II (Writing) 	IEAP-1W-2021T1E	1720	<p><p><b>Write a short paragraph of at least 10\nsentences to&nbsp;<u>describe the place where you live</u>. What do you like or\ndislike about it?</b></p>\n\n<p><b>Use specific details and adjectives to&nbsp;<u>explain</u>&nbsp;your\nanswers.&nbsp;</b></p>\n\n<p><b>Make sure to organize the paragraph with\n&nbsp;a topic sentence&nbsp;and&nbsp;supporting detail sentences.</b></p>\n\n<p><b>Use&nbsp;prepositional phrases&nbsp;to\ndescribe locations,&nbsp;there is / there are<i>,&nbsp;</i>articles<i>&nbsp;</i>and\nproper<i>&nbsp;</i>grammar&nbsp;and&nbsp;punctuation.</b></p>\n\n<p><b><i><span lang="KHM">·ûü·û∑·ûü·üí·ûü·ûì·ûπ·ûÑ·ûî·û∂·ûì·ûñ·û∑·ûì·üí·ûë·ûª·ûë·üÖ·ûõ·ûæ·ûÄ·û∂·ûö·ûú·û∂·ûô·ûè·ûò·üí·ûõ·üÉ ·ü•\n·ûÖ·üÜ·ûé·ûª·ûÖ‚Äã·ûä·ûº·ûÖ·ûÅ·û∂·ûÑ·ûÄ·üí·ûö·üÑ·ûò</span></i></b><b><i>&nbsp;</i></b><b><i><span lang="KHM">·üñ</span></i></b></p>\n\n<p><span lang="PT-BR">1.&nbsp;\n&nbsp; &nbsp;It has&nbsp;&nbsp;a&nbsp;<b>topic sentence</b>&nbsp;and&nbsp;<b>supporting\ndetails</b>&nbsp;(4 points)</span></p>\n\n<p><span lang="PT-BR">2.&nbsp;&nbsp;&nbsp;&nbsp;&nbsp;&nbsp;\nStudents use&nbsp;<b>prepositional phrases</b>&nbsp;to describe locations (4\npoints)</span></p>\n\n<p><span lang="PT-BR">3.&nbsp;\n&nbsp; Students&nbsp; use<i>&nbsp;<b>there is</b>&nbsp;</i>and&nbsp;<b><i>there\nare</i></b><i>&nbsp;</i>appropriately with&nbsp;<u>singula</u>r and&nbsp;<u>plural&nbsp;</u><b>nouns</b>&nbsp;(4\npoints) &nbsp;</span></p>\n\n<p>4.&nbsp;&nbsp;&nbsp;&nbsp;&nbsp;Each sentence\nbegins with a&nbsp;<b>capital</b>&nbsp;<b>letter</b>&nbsp;and ends with a&nbsp;<b>period</b>.\n(4 points) &nbsp;</p>\n\n<p>5.&nbsp; &nbsp; &nbsp;Students use the\narticles&nbsp;<b><i>a, an, the&nbsp;</i></b>correctly&nbsp; (4points)</p><br></p>
1062	Final EXAM: Part II (Writing) 	IEAP-1WM-2020T1E	1667	<p><p><b>Write a short paragraph of at least 10 sentences to&nbsp;<u>describe the place where you live</u>. What do you like or dislike about it?</b></p><p><b>Use specific details and adjectives to&nbsp;<u>explain</u>&nbsp;your answers.&nbsp;</b></p><p><b>Make sure to organize the paragraph with &nbsp;a topic sentence&nbsp;and&nbsp;supporting detail sentences.</b></p><p><b>Use&nbsp;prepositional phrases&nbsp;to describe locations,&nbsp;there is / there are<i>,&nbsp;</i>articles<i>&nbsp;</i>and proper<i>&nbsp;</i>grammar&nbsp;and&nbsp;punctuation.</b></p><p><b><i><span lang="KHM">·ûü·û∑·ûü·üí·ûü·ûì·ûπ·ûÑ·ûî·û∂·ûì·ûñ·û∑·ûì·üí·ûë·ûª·ûë·üÖ·ûõ·ûæ·ûÄ·û∂·ûö·ûú·û∂·ûô·ûè·ûò·üí·ûõ·üÉ ·ü• ·ûÖ·üÜ·ûé·ûª·ûÖ‚Äã·ûä·ûº·ûÖ·ûÅ·û∂·ûÑ·ûÄ·üí·ûö·üÑ·ûò</span></i></b><b><i>&nbsp;</i></b><b><i><span lang="KHM">·üñ</span></i></b></p><p><span lang="PT-BR">1.&nbsp; &nbsp; &nbsp;It has&nbsp;&nbsp;a&nbsp;<b>topic sentence</b>&nbsp;and&nbsp;<b>supporting details</b>&nbsp;(4 points)</span></p><p><span lang="PT-BR">2.&nbsp;&nbsp;&nbsp;&nbsp;&nbsp;&nbsp; Students use&nbsp;<b>prepositional phrases</b>&nbsp;to describe locations (4 points)</span></p><p><span lang="PT-BR">3.&nbsp; &nbsp; Students&nbsp; use<i>&nbsp;<b>there is</b>&nbsp;</i>and&nbsp;<b><i>there are</i></b><i>&nbsp;</i>appropriately with&nbsp;<u>singula</u>r and&nbsp;<u>plural&nbsp;</u><b>nouns</b>&nbsp;(4 points) &nbsp;</span></p><p>4.&nbsp;&nbsp;&nbsp;&nbsp;&nbsp;Each sentence begins with a&nbsp;<b>capital</b>&nbsp;<b>letter</b>&nbsp;and ends with a&nbsp;<b>period</b>. (4 points) &nbsp;</p><p>5.&nbsp; &nbsp; &nbsp;Students use the articles&nbsp;<b><i>a, an, the&nbsp;</i></b>correctly&nbsp; (4points)</p><br></p>
335	4a: QUIZ ‚Äì WRITING A PROCESS PARAGRAPH (for SCORES)	IEAP2W-2020T4E	1603	<p><b><span lang="EN-GB">WRITING</span><span lang="EN-GB">&nbsp; EXERCISE ‚Äì You have <u>60 minutes</u> to write\na Process paragraph.</span></b><br></p><p><b><span lang="EN-GB"></span></b></p><p><b><b><span lang="EN-GB">Write a <u>process paragraph</u> about\n<u>one</u> of these <u>topics</u>: </span></b></b></p><b>\n\n<p><b><span lang="EN-GB">a. Describe the\nsteps how to apply for a job</span></b></p>\n\n<p><b><span lang="EN-GB">b. Describe\nthe steps how to grow vegetables, fruit, or rice </span></b></p>\n\n<p><b><span lang="EN-GB">c. Describe\nthe steps for online learning English class</span></b></p>\n\n<p><b><span lang="EN-GB">After\nchoosing 1 topic, explain why, how, when, what, where etc. </span></b></p>\n\n<p><b><span lang="EN-GB">Don‚Äôt forget\nthe topic sentence and supporting sentences. The paragraph ends </span></b></p>\n\n<p><b><span lang="EN-GB">with a\nconcluding sentence (with a suggestion, warning).</span></b></p>\n\n<p><b><span lang="EN-GB">Remember the\nsteps: Brainstorming ‚Äì Outlining ‚Äì WRITING YOUR 1<sup>st</sup> DRAFT </span></b></p>\n\n<p><b><span lang="EN-GB">Editing /\nRevising. </span></b><b>GOOD LUCK </b><b>üòä </b><b>and write the best you can! </b></p>\n\n<p><b>Focus and relax while writing your <u>process paragraph</u>. &nbsp;&nbsp;&nbsp;&nbsp;&nbsp;&nbsp;&nbsp;</b></p>\n\n<p><b>Write <u>at least</u> 100 words ‚Äì <u>maximum</u> 200\nwords.&nbsp; </b><b></b></p><p><b><img src="@@PLUGINFILE@@/022.PNG?time=1594463447114" alt="Picture " width="723" height="358" class="img-responsive atto_image_button_text-bottom"><br></b></p><br></b><p></p>
1335	Brainstorming and Outline for the Descriptive Essay	IEAP-3W-2019-2020T3E	1474	<p dir="ltr" style="text-align: left;"><br></p><p dir="ltr" style="text-align: left;"><br></p><p dir="ltr" style="text-align: left;"><br></p><p dir="ltr" style="text-align: left;"><br></p><p dir="ltr" style="text-align: left;"><br></p><p dir="ltr" style="text-align: left;"><br></p><p dir="ltr" style="text-align: left;">You are going to write a descriptive essay about your favorite food.&nbsp;</p><p dir="ltr" style="text-align: left;">First, you must write out a brainstorming activity and an essay outline. Please follow the instructions below.&nbsp;</p><p dir="ltr" style="text-align: left;">On your own note book paper, write a brainstorming mind map and an essay outline.</p><p dir="ltr" style="text-align: left;">Follow the same format as the two templates below.&nbsp;</p><p dir="ltr" style="text-align: left;">After you have written out both the brainstorming mind map and the essay outline, take photos of your hand written work and upload those photos here in Moodle.</p><p dir="ltr" style="text-align: left;">This assignment is due by Friday January 15 by 11:59 p.m.&nbsp;<img src="@@PLUGINFILE@@/Essay%20Outline%20Template.jpg" alt="Essay Outline Template" width="564" height="583" class="img-fluid atto_image_button_text-bottom"></p><p dir="ltr" style="text-align: left;"><img src="@@PLUGINFILE@@/Brainstorming%20Outline%20Template%20.jpg" alt="Brainstorming Mind Map Template" width="736" height="568" class="img-fluid atto_image_button_text-bottom"><br></p>
1807	Brainstorming and Outline for the Descriptive Essay	IEAP-3WM-2021T1E	1469	<p dir="ltr" style="text-align: left;"><br></p><p dir="ltr" style="text-align: left;"><br></p><p dir="ltr" style="text-align: left;"><br></p><p dir="ltr" style="text-align: left;"><br></p><p dir="ltr" style="text-align: left;"><br></p><p dir="ltr" style="text-align: left;"><br></p><p dir="ltr" style="text-align: left;">You are going to write a descriptive essay about your favorite food.&nbsp;</p><p dir="ltr" style="text-align: left;">First, you must write out a brainstorming activity and an essay outline. Please follow the instructions below.&nbsp;</p><p dir="ltr" style="text-align: left;">On your own note book paper, write a brainstorming mind map and an essay outline.</p><p dir="ltr" style="text-align: left;">Follow the same format as the two templates below.&nbsp;</p><p dir="ltr" style="text-align: left;">After you have written out both the brainstorming mind map and the essay outline, take photos of your hand written work and upload those photos here in Moodle.</p><p dir="ltr" style="text-align: left;">This assignment is due by Sunday May 2 by 11:59 p.m.&nbsp;<img src="@@PLUGINFILE@@/Essay%20Outline%20Template.jpg" alt="Essay Outline Template" width="564" height="583" class="img-fluid atto_image_button_text-bottom"></p><p dir="ltr" style="text-align: left;"><img src="@@PLUGINFILE@@/Brainstorming%20Outline%20Template%20.jpg" alt="Brainstorming Mind Map Template" width="736" height="568" class="img-fluid atto_image_button_text-bottom"><br></p>
1611	Final EXAM: Part II (Writing) 	IEAP-2W-2019-2020T3E	1453	<p dir="ltr" style="text-align: left;"><img src="@@PLUGINFILE@@/image.png" alt="" role="presentation" class="img-fluid"><br></p><p dir="ltr" style="text-align: left;"></p><p>Scores will be given based on the following criteria:&nbsp;&nbsp;&nbsp;&nbsp;&nbsp;&nbsp; </p>\n\n<p><!--[if !supportLists]-->1.&nbsp;&nbsp;&nbsp;\n<!--[endif]-->The paragraph effectively responds to the topic and task.\n</p>\n\n<p>[5 points]</p>\n\n<p><!--[if !supportLists]-->2.&nbsp;&nbsp;&nbsp;\n<!--[endif]-->The paragraph is well organized with a topic sentence and\nsupporting&nbsp; sentences, and a concluding sentence. [5 points]</p>\n\n<p><!--[if !supportLists]-->3.&nbsp; &nbsp; &nbsp; &nbsp; &nbsp; &nbsp; &nbsp; &nbsp; &nbsp; The paragraph gives clear steps in an appropriate order, using details and examples.[5 points]</p>\n\n<p><!--[if !supportLists]-->4.&nbsp; &nbsp; &nbsp; &nbsp; &nbsp; &nbsp; &nbsp; &nbsp; &nbsp; The paragraph uses time-order words to clarify steps in the process and create coherence.&nbsp;</p>\n\n<p>&nbsp;&nbsp;&nbsp;&nbsp; (5 points]</p>\n\n<p><!--[if !supportLists]--><span lang="FR">5.&nbsp;&nbsp;&nbsp;&nbsp;&nbsp;&nbsp;&nbsp;&nbsp;&nbsp;&nbsp;&nbsp;&nbsp;&nbsp;&nbsp;&nbsp;&nbsp;&nbsp;\n</span><!--[endif]-->The writer uses proper grammar, punctuation, including imperatives and modals.<span lang="FR"></span></p>\n\n<p>&nbsp;&nbsp;&nbsp;&nbsp; [5 points]<span lang="FR"></span></p>\n\n<p><span lang="FR">&nbsp;</span></p><br><p></p>
1783	Final EXAM: Part II (Writing) 	IEAP-2W-2021T1E	1453	<p dir="ltr" style="text-align: left;"><img src="@@PLUGINFILE@@/image.png" alt="" role="presentation" class="img-fluid"><br></p><p dir="ltr" style="text-align: left;"></p><p>Scores will be given based on the following criteria:&nbsp;&nbsp;&nbsp;&nbsp;&nbsp;&nbsp; </p>\n\n<p><!--[if !supportLists]-->1.&nbsp;&nbsp;&nbsp;\n<!--[endif]-->The paragraph effectively responds to the topic and task.\n</p>\n\n<p>[5 points]</p>\n\n<p><!--[if !supportLists]-->2.&nbsp;&nbsp;&nbsp;\n<!--[endif]-->The paragraph is well organized with a topic sentence and\nsupporting&nbsp; sentences, and a concluding sentence. [5 points]</p>\n\n<p><!--[if !supportLists]-->3.&nbsp; &nbsp; &nbsp; &nbsp; &nbsp; &nbsp; &nbsp; &nbsp; &nbsp; The paragraph gives clear steps in an appropriate order, using details and examples.[5 points]</p>\n\n<p><!--[if !supportLists]-->4.&nbsp; &nbsp; &nbsp; &nbsp; &nbsp; &nbsp; &nbsp; &nbsp; &nbsp; The paragraph uses time-order words to clarify steps in the process and create coherence.&nbsp;</p>\n\n<p>&nbsp;&nbsp;&nbsp;&nbsp; (5 points]</p>\n\n<p><!--[if !supportLists]--><span lang="FR">5.&nbsp;&nbsp;&nbsp;&nbsp;&nbsp;&nbsp;&nbsp;&nbsp;&nbsp;&nbsp;&nbsp;&nbsp;&nbsp;&nbsp;&nbsp;&nbsp;&nbsp;\n</span><!--[endif]-->The writer uses proper grammar, punctuation, including imperatives and modals.<span lang="FR"></span></p>\n\n<p>&nbsp;&nbsp;&nbsp;&nbsp; [5 points]<span lang="FR"></span></p>\n\n<p><span lang="FR">&nbsp;</span></p><br><p></p>
3640	Final EXAM (Essay) 	EHSS-12-3D-2021T3E	1428	<p dir="ltr" style="text-align: left;"></p><p dir="ltr"></p><br>Now it is time to write your own compare and contrast essay.&nbsp; You need to pick two places.&nbsp; They can be any places that you want.&nbsp; They can be places you love, or places you want to go to. They can be where you grew up, or where you would like to go to school.&nbsp; ANY TWO Places.&nbsp; Write an essay that tells of the similarities and differences between the two places.&nbsp; You need to have a proper introductory paragraph, that introduces the places and gives some background information, and your thesis statement.&nbsp; You need to have at least two body paragraphs where you explore the places in detail, and a proper concluding paragraph.&nbsp; You must tell of specific details to support your comparisons, or contrasts. You must have at least one sentence that uses comparison-contrast connectors like we learned about.&nbsp; You must have at least 3 comparative statements.&nbsp; Be sure you proofread your essay before you submit it.&nbsp; You will be graded harder on correct grammar this time.&nbsp; You are all smart and have improved a lot this term.&nbsp; Now it is time to show it!&nbsp; &nbsp;<br><br>You can use grammar check software or apps, but no copying from the internet or other students.&nbsp; ANY copied sentences found will mean you receive a 0, and fail the essay part.&nbsp;&nbsp;<br><br>YOU CAN DO IT!<br><p></p>
3385	Midterm Part 2 The Short Essay	EHSS-12-3D-2021T3E	1405	<p dir="ltr" style="text-align: left;">Ok students, now is the time to show what you have learned about writing short essays.&nbsp; For this essay, you need to write about your favorite place.&nbsp; It can be somewhere you took a holiday with your family, where you go to hang out with your friends, or a beautiful place you like to go by yourself.&nbsp; It can be any of the Temples, your favorite beach, where you like to go fishing, somewhere in the countryside, or a city, or even your home.&nbsp;</p><p dir="ltr" style="text-align: left;">You need to have at least an introductory paragraph, with a hook, background information, and a thesis statement with your main idea.&nbsp; There needs to be at least one body paragraph where you use specific language and describe the place, using adjectives, AT LEAST ONE SIMILE, and one prepositional phrase. And finally, there must be a concluding PARAGRAPH (not one sentence like some of you did in the practice essay).</p><p dir="ltr" style="text-align: left;">To help you write, use the outline on page 50.&nbsp; Close your eyes, and imagine the place.&nbsp; Why is it special to you? What do you see, hear, smell, feel, taste?&nbsp; Remember to be specific and descriptive.&nbsp; You will be graded on content, form, organization and grammar.&nbsp; You can do it!&nbsp; Good luck.&nbsp; I look forward to reading about your special place.&nbsp;&nbsp;</p>
296	Midterm EXAM: Part 2 ( Writing) 	IEAP2W-2020T4E	1339	<p></p><p><p><b><span lang="EN-GB">Write a <u>descriptive paragraph</u> about\n<u>one</u> of these <u>topics</u>: </span></b></p>\n\n<p><b><span lang="EN-GB">a. My best\nfriend</span></b></p>\n\n<p><b><span lang="EN-GB">b. My\nfavorite place</span></b></p>\n\n<p><b><span lang="EN-GB">c. My worst\nnightmare</span></b></p>\n\n<p><b><span lang="EN-GB">After\nchoosing 1 topic, the topic sentence introduces the item that you will describe.\nIt may also include your general feeling or opinion about the item. Supporting\nsentences give background information, they give also specific details (adjectives)\nto describe the item (remember the 5 senses). The paragraph ends with a\nconcluding sentence. Make sure, the reader can clearly ‚Äòimagine‚Äô or ‚Äòsee‚Äô your\nchosen item.<img src="@@PLUGINFILE@@/Capture22.PNG" alt="Picture " width="682" height="460" class="img-responsive atto_image_button_text-bottom"></span></b></p>\n\n<p><b><span lang="EN-GB">Remember the\nsteps: Brainstorming ‚Äì Outlining ‚Äì WRITING YOUR 1<sup>st</sup> DRAFT - Editing / Revising. </span></b><b>GOOD LUCK\n</b><b>üòä </b><b>and write\nthe best you can! Focus and relax while writing your <u>descriptive paragraph</u>. &nbsp;&nbsp;&nbsp;&nbsp;&nbsp;&nbsp;&nbsp;Write <u>at least</u> 75 words ‚Äì <u>maximum</u>\n125 words.&nbsp; </b></p><br></p><br><p></p>
5467	MIDTERM EXAM (WRITING)	MODEL-GESL-09-Writing	1288	<p><span>DIRECTIONS: You have 80 minutes to plan, write, and revise your paragraph.&nbsp;</span></p><p><span>Typically, an effective response will contain a&nbsp;</span><span style="font-size: 14.2554px;">maximum</span><span style="font-size: calc(0.90375rem + 0.045vw);">&nbsp;of 150 words.</span></p><p><span><br></span></p><p><strong>WRITING TASK:</strong><br></p><p><strong><span style="font-size: 14.2554px;"></span></strong></p><p style="text-align: center;"><span style="font-size: 14.2554px;"><strong><span class="" style="color: rgb(0, 46, 184);">Computers and other technologies allow people to do many different jobs. What is a job that requires technology? What does the worker do?</span></strong></span></p><p style="text-align: center;"><span style="font-size: 14.2554px;"><strong><span class="" style="color: rgb(0, 46, 184);"><br></span></strong></span></p><span><span style=""><span style="font-size: 14.1978px;">MAKE SURE:<br></span><ul style=""><li><span><span style=""><span style="font-size: 14.1978px;">Use verbs in the simple present third person singular</span></span></span></li><li style=""><span style=""><span style=""><span style=""><span style="font-size: 14.1978px;">Use infinitives that express necessity</span></span></span></span></li></ul></span></span>
293	Mid-term Exam Part 2: Essay 	IEAP3W-2020T4E	1287	<p>For this quiz, you will need to write your own short descriptive essay.&nbsp; You can choose any topic you want.&nbsp; If you can't think of one, you can write about one of the following topics.&nbsp; What is your favorite memory from your childhood?&nbsp; OR What is your favorite thing to do?&nbsp; Please review the form of the short essay on pages 15-17 and look at the examples on pages 29, 34 and 37.&nbsp; Use adjectives and similes to describe things: how they&nbsp; taste, smell, look and feel.&nbsp; Remember, the thesis statement, which has the controlling idea of the essay, comes at the end of the introductory paragraph.&nbsp; You need an introductory paragraph, at least one body paragraph, and one concluding paragraph.&nbsp; You will be graded on form, descriptions, and grammar.&nbsp; Try to use adjectives to describe each noun, or adverbs to describe the verbs.&nbsp; For this assignment, you need to type it into Moodle.&nbsp; I cannot take pictures of your notebook, or work in telegram.&nbsp; However you did it for the last quiz works fine.&nbsp; Feel free to ask me questions in Zoom or on telegram, but I cannot give more feedback until I grade the essay.&nbsp; PLEASE, EDIT YOUR OWN WORK BEFORE YOU SUBMIT IT.&nbsp; GOOD LUCK.&nbsp; YOU CAN DO THIS!<br></p>
3953	Write your own Narrative essay.	IEAP-3W-2022T1E	1284	<p dir="ltr" style="text-align: left;"></p><p dir="ltr">Now it is time to improve your essay form, and write your first story.&nbsp; You need to think about some experience you had that taught you something.&nbsp; It can be anything you want, or about whatever you want.&nbsp; It can be true, or you can make it up.&nbsp; But it MUST be your writing.&nbsp; We will discuss more in class, but I want you to write about a time, or experience where you learned something.&nbsp; And like the examples in the book,&nbsp; A Scary Secret, and An Embarrassing Incident, it should be 4 paragraphs.&nbsp; One Introductory paragraph, with a hook, some background information, and your thesis statement, or main idea of the story.&nbsp; There should be two body paragraphs, and a concluding paragraph.&nbsp;</p><p dir="ltr">I want you to remember to try and describe things, and get specific with your details, and supporting sentences.&nbsp; Remember to try and use adverbs of time to show the sequence of events, and show your best grammar.&nbsp; Feel free to message me in telegram if you have any questions, or if you want feedback on your essay before you submit it.&nbsp; Try to use the outline on page 76 to help to you form your essay.&nbsp; Good luck!&nbsp; You can do it!</p><br><p></p>
3487	EXAM II (ESSAY) 	IEAP-3W-M-2021T3E	1157	<p dir="ltr" style="text-align: left;"><span style="font-size: 14.25px;">Write&nbsp; a 5-paragraph essay&nbsp; to show the similarities and differences of an online class and&nbsp; a face-to-face class . Which is better? How? Why?</span><br></p><p dir="ltr"><span style="font-size: 14.25px;">Be well organized following the standard 5-paragraph essay format detailed below.</span></p><p dir="ltr">The introduction provides a hook, background information introducing the points of comparison and contains a strong thesis statement. Body paragraphs of 8 sentences include 3 supporting ideas with details or examples. Use proper grammar, spelling, and punctuation.<br></p><p dir="ltr">Write your own words.<br></p><p dir="ltr">Do not copy from the internet. Do not copy work from another student.<br></p><p dir="ltr">You may use a word processing program to help write your essay then paste text in the box below.<br></p><p dir="ltr">Follow the writing format given in class.&nbsp;<br></p><p dir="ltr"><img src="@@PLUGINFILE@@/Untitled.png" alt="" width="569" height="654" role="presentation" class="img-fluid atto_image_button_text-bottom"><br></p><p><br></p>
3781	EXAM II (ESSAY)	IEAP-3W-2022T1E	1157	<p dir="ltr" style="text-align: left;"><span style="font-size: 14.25px;">Write&nbsp; a 5-paragraph essay&nbsp; to show the similarities and differences of an online class and&nbsp; a face-to-face class . Which is better? How? Why?</span><br></p><p dir="ltr"><span style="font-size: 14.25px;">Be well organized following the standard 5-paragraph essay format detailed below.</span></p><p dir="ltr">The introduction provides a hook, background information introducing the points of comparison and contains a strong thesis statement. Body paragraphs of 8 sentences include 3 supporting ideas with details or examples. Use proper grammar, spelling, and punctuation.<br></p><p dir="ltr">Write your own words.<br></p><p dir="ltr">Do not copy from the internet. Do not copy work from another student.<br></p><p dir="ltr">You may use a word processing program to help write your essay then paste text in the box below.<br></p><p dir="ltr">Follow the writing format given in class.&nbsp;<br></p><p dir="ltr"><img src="@@PLUGINFILE@@/Untitled.png" alt="" width="569" height="654" role="presentation" class="img-fluid atto_image_button_text-bottom"><br></p><p><br></p>
3337	Write your own descriptive essay about your favorite food. 	EHSS-12-3D-2021T3E	1121	<p dir="ltr" style="text-align: left;"></p><p dir="ltr">Ok, students.&nbsp; Now it is time to try to write your own descriptive essay.&nbsp; Use the brainstorming exercises from page 32 and 33 to get ideas and descriptive vocabulary, and write a short essay about your favorite food.&nbsp; It can be from a restaurant, your families' cooking, or something you like to make.&nbsp; Try to use adjectives to describe the food, the way it smells, looks, tastes and feels when you eat it. Think about where you are, who you are with when you cook, or eat it.&nbsp; Try to be as descriptive as possible.&nbsp;&nbsp;</p><p dir="ltr">You should follow the form we have been talking about, with an introductory paragraph (with a hook, background information and a thesis statement).&nbsp; Then there should be at least 1 body paragraph, and a concluding paragraph. Use the information from page 33 as a guide. Remember to pay attention to grammar, especially run on sentences, subject/ verb agreement, sentence structure, and the correct parts of speech.&nbsp;</p><p dir="ltr">Good luck.&nbsp; I know you can do it!</p><br><p></p>
215	IEAP 3 Unit 2 Quiz	IEAP3W-2020T4E	1113	<p>For this quiz, you will need to write your own short essay about your favorite food.&nbsp; DO NOT WRITE A RECIPE, OR HOW TO MAKE IT.&nbsp; Please review the form of the short essay on pages 15-17 and look at the examples on pages 29, 34 and 37.&nbsp; Use adjectives and similes to describe how it tastes, smells, looks and feels.&nbsp; Remember, the thesis statement, which has the controlling idea of the essay, comes at the end of the introductory paragraph.&nbsp; You need an introductory paragraph, at least one body paragraph, and one concluding paragraph.&nbsp; You will be graded on form, descriptions, and grammar.&nbsp; Try to use adjectives to describe each noun, or adverbs to describe the verbs.&nbsp; For this assignment, you need to type it into Moodle.&nbsp; I cannot take pictures of your notebook, or work in telegram.&nbsp; However you did it for the last quiz works fine.&nbsp; Feel free to ask me questions in Zoom or on telegram, but I cannot give more feedback until I grade the essay.&nbsp; PLEASE, EDIT YOUR OWN WORK BEFORE YOU SUBMIT IT.&nbsp; GOOD LUCK.&nbsp; YOU CAN DO THIS!<br></p>
13	Your Moodles are Coming Right Up	IEAP4W-2020T4E	1109	<p></p><pre><h3><span style=""><span style="font-size: 24px;"> </span></span><i style="font-size: 24px;"><b>Welcome to Pa√±√±asastra University of Cambodia</b></i></h3><h4><span style=""><span style="font-size: 24px;"><span><span style=""><b style=""><i>Siem Reap Campus</i></b></span></span></span></span></h4><h3><span style=""><span style="font-size: 24px;"><br></span></span><b><i><span style=""><span style="font-size: 24px;">Intensive English for Academic Purposes<br></span></span><span style=""><span style="font-size: 24px;">Writing Level 4 - <span>The Researched Essay</span></span></span></i></b></h3><h3><br></h3></pre><pre><span><img src="@@PLUGINFILE@@/book3.jpg" alt="" width="500" height="647" role="presentation" class="img-responsive atto_image_button_text-bottom"><br></span></pre><h4></h4><p><span style="font-family: OpenSans, -apple-system, BlinkMacSystemFont, &quot;Segoe UI&quot;, Roboto, &quot;Helvetica Neue&quot;, Arial, sans-serif, &quot;Apple Color Emoji&quot;, &quot;Segoe UI Emoji&quot;, &quot;Segoe UI Symbol&quot;; font-size: 24px;"></span></p><p></p><p></p><p></p><br><p></p>
347	IEAP 3 Unit 3 Quiz	IEAP3W-2020T4E	1075	<p>Write a narrative essay that tells a story about a time when you learned an important lesson.&nbsp; Don't write about a test you took.&nbsp; Write about something that happened to you in your life.&nbsp; The purpose of the essay, and your story should be about what happened, and how you learned from it. Who was there, what happened?&nbsp; Why?&nbsp; When was it? Please be specific, descriptive when possible, and follow the form we have been learning.&nbsp; Use the past continuous and simple past when appropriate. Be careful of run on sentences. Have at LEAST an introductory paragraph, a body paragraph, and a concluding paragraph.&nbsp; I have assigned writing an outline, which I suggest you do.&nbsp; Follow the outline form on page 76, or on the file that I put in the shared file folder.&nbsp; I will give you feedback on your outline if you do one, but not on your essay until I grade it.&nbsp; The most important thing is you show that you are improving your grammar, know the form of an effective essay and your story is well told.&nbsp; Good luck.&nbsp;</p>
5436	FINAL EXAM (WRITING)	MODEL-GESL-11-Writing	1041	<p dir="ltr" style="text-align: left;">Write a 5 paragraph short Cause and Effect Essay.&nbsp; We have been learning about causes and effects, and different ways you can write the effects of different causes.&nbsp; You need to think about what you may want to do in your life to feel successful, whatever that means to you. Success is not the same for everybody.&nbsp; Think about what it means to you, and write about the three thing that you must do (causes) that will have the outcomes (effects) that you want. So cluster and/or brainstorm your ideas about what you want in life, and what you need to do to make your dream become real.&nbsp; Then write a thesis statement that clearly says the 3 things you must do to be successful in life.&nbsp; Then write 3 body paragraphs where you go into detail and give specifics about your ideas. Use the form of statements we learned on pages 147-149 to say what you will need to do and why. Prepare an outline with your thesis statement and notes for your body paragraphs and conclusion.<br></p>
3064	Writing 	IEAP-2W-2021T3E	1023	<p dir="ltr" style="text-align: left;"></p><p></p><p></p><p>Write a short paragraph of at least 10 sentences to\ndescribe a holiday in your country. How do people celebrate the holiday? </p>\n\n<p>Why is it a special day? Use specific details and examples\nto support your description.&nbsp; </p>\n\n<p>Make sure: </p>\n\n<p><!--[if !supportLists]-->1.&nbsp;&nbsp;&nbsp;&nbsp;&nbsp;\n<!--[endif]-->To\norganize the paragraph with a topic sentence, supporting sentences, and a\nconcluding sentence.</p>\n\n<p><!--[if !supportLists]-->2.&nbsp;&nbsp;&nbsp;&nbsp;&nbsp;\n<!--[endif]-->To\nuse specific details to describe sights, sounds, smells, tastes, and feelings\nin the supporting sentences.</p>\n\n<p><!--[if !supportLists]-->3.&nbsp;&nbsp;&nbsp;&nbsp;&nbsp;\n<!--[endif]-->To\nexplain why the holiday is important in the concluding sentence. </p>\n\n<p><!--[if !supportLists]-->4.&nbsp;&nbsp;&nbsp;&nbsp;&nbsp;\n<!--[endif]-->To\nuse proper grammar and punctuation, with a focus on descriptive adjectives.</p><br><p></p>
3763	Writing	IEAP-2W-2022T1E	1023	<p dir="ltr" style="text-align: left;"></p><p></p><p></p><p>Write a short paragraph of at least 10 sentences to\ndescribe a holiday in your country. How do people celebrate the holiday? </p>\n\n<p>Why is it a special day? Use specific details and examples\nto support your description.&nbsp; </p>\n\n<p>Make sure: </p>\n\n<p><!--[if !supportLists]-->1.&nbsp;&nbsp;&nbsp;&nbsp;&nbsp;\n<!--[endif]-->To\norganize the paragraph with a topic sentence, supporting sentences, and a\nconcluding sentence.</p>\n\n<p><!--[if !supportLists]-->2.&nbsp;&nbsp;&nbsp;&nbsp;&nbsp;\n<!--[endif]-->To\nuse specific details to describe sights, sounds, smells, tastes, and feelings\nin the supporting sentences.</p>\n\n<p><!--[if !supportLists]-->3.&nbsp;&nbsp;&nbsp;&nbsp;&nbsp;\n<!--[endif]-->To\nexplain why the holiday is important in the concluding sentence. </p>\n\n<p><!--[if !supportLists]-->4.&nbsp;&nbsp;&nbsp;&nbsp;&nbsp;\n<!--[endif]-->To\nuse proper grammar and punctuation, with a focus on descriptive adjectives.</p><br><p></p>
2494	Writing ( For Morning Class)	IEAP-2W-2021T2T2E	1016	<p dir="ltr" style="text-align: left;"><p></p><p></p><p>Write a short paragraph of at least 10 sentences to\ndescribe a holiday in your country. How do people celebrate the holiday? </p>\n\n<p>Why is it a special day? Use specific details and examples\nto support your description.&nbsp; </p>\n\n<p>Make sure: </p>\n\n<p><!--[if !supportLists]-->1.&nbsp;&nbsp;&nbsp;&nbsp;&nbsp;\n<!--[endif]-->To\norganize the paragraph with a topic sentence, supporting sentences, and a\nconcluding sentence.</p>\n\n<p><!--[if !supportLists]-->2.&nbsp;&nbsp;&nbsp;&nbsp;&nbsp;\n<!--[endif]-->To\nuse specific details to describe sights, sounds, smells, tastes, and feelings\nin the supporting sentences.</p>\n\n<p><!--[if !supportLists]-->3.&nbsp;&nbsp;&nbsp;&nbsp;&nbsp;\n<!--[endif]-->To\nexplain why the holiday is important in the concluding sentence. </p>\n\n<p><!--[if !supportLists]-->4.&nbsp;&nbsp;&nbsp;&nbsp;&nbsp;\n<!--[endif]-->To\nuse proper grammar and punctuation, with a focus on descriptive adjectives.</p><br></p>
2530	Writing ( For Evening Class)	IEAP-2W-2021T2T2E	1016	<p dir="ltr" style="text-align: left;"><p></p><p></p><p>Write a short paragraph of at least 10 sentences to\ndescribe a holiday in your country. How do people celebrate the holiday? </p>\n\n<p>Why is it a special day? Use specific details and examples\nto support your description.&nbsp; </p>\n\n<p>Make sure: </p>\n\n<p><!--[if !supportLists]-->1.&nbsp;&nbsp;&nbsp;&nbsp;&nbsp;\n<!--[endif]-->To\norganize the paragraph with a topic sentence, supporting sentences, and a\nconcluding sentence.</p>\n\n<p><!--[if !supportLists]-->2.&nbsp;&nbsp;&nbsp;&nbsp;&nbsp;\n<!--[endif]-->To\nuse specific details to describe sights, sounds, smells, tastes, and feelings\nin the supporting sentences.</p>\n\n<p><!--[if !supportLists]-->3.&nbsp;&nbsp;&nbsp;&nbsp;&nbsp;\n<!--[endif]-->To\nexplain why the holiday is important in the concluding sentence. </p>\n\n<p><!--[if !supportLists]-->4.&nbsp;&nbsp;&nbsp;&nbsp;&nbsp;\n<!--[endif]-->To\nuse proper grammar and punctuation, with a focus on descriptive adjectives.</p><br></p>
1368	Your Favorite Food 5 Paragraph Descriptive Essay	IEAP-3W-2019-2020T3E	996	<p dir="ltr" style="text-align: left;">You must write a 5 Paragraph Descriptive Essay about your Favorite Food.</p><p dir="ltr" style="text-align: left;">Please follow the examples on pages 34 and 37 of the Academic Writing textbook.</p><p dir="ltr" style="text-align: left;">You must describe in detail what your favorite food looks like, tastes like, and smells like.</p><p dir="ltr" style="text-align: left;">Also, if there are different types of your favorite food, describe those too.</p><p dir="ltr" style="text-align: left;">Finally, describe the context in which you eat your favorite food.&nbsp;</p><p dir="ltr" style="text-align: left;">You must type your essay directly into Moodle. You CANNOT attach any documents.&nbsp;</p><p dir="ltr" style="text-align: left;">This assignment is due one week from today on Tuesday January 26 before midnight.</p><p dir="ltr" style="text-align: left;">You must complete this assignment before the deadline to receive full credit for this course.</p>
1810	Your Favorite Food 5 Paragraph Descriptive Essay	IEAP-3WM-2021T1E	990	<p dir="ltr" style="text-align: left;">You must write a 5 Paragraph Descriptive Essay about your Favorite Food.</p><p dir="ltr" style="text-align: left;">Please follow the examples on pages 34 and 37 of the Academic Writing textbook.</p><p dir="ltr" style="text-align: left;">You must describe in detail what your favorite food looks like, tastes like, and smells like.</p><p dir="ltr" style="text-align: left;">Also, if there are different types of your favorite food, describe those too.</p><p dir="ltr" style="text-align: left;">Finally, describe the context in which you eat your favorite food.&nbsp;</p><p dir="ltr" style="text-align: left;">You must type your essay directly into Moodle. You CANNOT attach any documents.&nbsp;</p><p dir="ltr" style="text-align: left;">This assignment is due one week from today on Sunday May 2 before midnight.</p><p dir="ltr" style="text-align: left;">You must complete this assignment before the deadline to receive full credit for this course.</p>
5433	MIDTERM EXAM (WRITING)	MODEL-GESL-11-Writing	972	<p dir="ltr" style="text-align: left;"></p><p dir="ltr">THIS IS TO BE DONE IN CLASS.</p><p dir="ltr">YOU CAN PREPARE AN OUTLINE, BUT REMEMBER, THE ONLY COMPLETE SENTENCE THAT CAN BE ON YOUR OUTLINE IS YOUR THESIS STATEMENT</p><p dir="ltr"><br></p><p dir="ltr">Write a 4 paragraph short essay where you write a narrative (story) about an experience you had that made you learn something, or changed you in some way as a person.&nbsp; It can be a life lesson, or about learning to ride a bike, or motor, or when you learned to swim.&nbsp; It can be a true story, or you can make it up, but it must have an introductory paragraph, two body paragraphs, and a concluding paragraph.&nbsp; Use the grammar lessons we have learned in class.&nbsp; Your essay should also have some good descriptions and use specific details, not just general words.&nbsp; You will be graded on form, organization, grammar and content.&nbsp; Use your imagination.&nbsp; You can do it!</p><br><p></p>
716	Write a descriptive paragraph	IEAP-2WE-2020T1E	967	<p>Write a descriptive paragraph about your favorite THING that is yours. Don't write about your family.&nbsp; It could be a ring, your phone, your motorbike, a bicycle, a book, a necklace your mother gave you, anything you want.&nbsp; Follow the form of the outline in the shared drive "Descriptive Paragraph Outline".&nbsp; It will help you get your ideas together. Use adjectives and specific language like we have been learning about.&nbsp; Don't say general things.&nbsp; Have a good topic sentence, and say why it is important to you, or why you care about it.&nbsp; Then give background information about it.&nbsp; How did you get it? Who gave it to you? Then describe it, how it looks, how it sounds, smells, feels. Then write about how it makes you feel, or exactly why it is important to you.&nbsp; Then write a concluding sentence. If you have questions, message me in telegram.&nbsp; Do your own work, or you will get a 0.&nbsp; You can do this!&nbsp;</p>
3355	Write a narrative essay 	IEAP-3W-M-2021T3E	956	<p dir="ltr"><span style="font-size: 14.25px;">Some experiences change our lives and form our personalities. Write a narrative essay about an experience that changed you or taught you something important.</span></p><p dir="ltr"><span style="font-size: 14.25px;">This essay will have 3 body paragraphs with an introductory paragraph and concluding paragraph.</span></p><p dir="ltr"><span style="font-size: 14.25px;">Write your own words.</span></p><p dir="ltr"><span style="font-size: 14.25px;">Do not copy from the internet. Do not copy work from another student.</span></p><p dir="ltr"><span style="font-size: 14.25px;">You may use a word processing program to help write your essay then paste text in the box.</span></p><p dir="ltr"><span style="font-size: 14.25px;"><img src="@@PLUGINFILE@@/Write%20like%20this..jpg?time=1637113304763" alt="" width="1403" height="1815" role="presentation" class="img-fluid atto_image_button_text-bottom"><br></span></p>
1990	Brainstorming/Free writing Narrative Essay	IEAP-3WM-2021T1E	949	<p dir="ltr" style="text-align: left;">The first step in academic writing is always brainstorming or free writing. This step is to help you find the best ideas for your essay.</p><p dir="ltr" style="text-align: left;">You should brainstorm or free writing for 15 minutes about a life lesson that help shape for form your personality. Please see page 57 of the Academic Writing text book for instructions.&nbsp;</p><p dir="ltr" style="text-align: left;">You can use the template attached, a word document, or simply write your ideas down in your notebook.&nbsp;</p><p dir="ltr" style="text-align: left;">For this assignment, you can upload any type of document. You can upload photos, word documents, or PDF files.</p><p dir="ltr" style="text-align: left;">You must complete this assignment by Wednesday May 12 by 11:59 p.m.</p><p dir="ltr" style="text-align: left;">To receive full credit for this class, you must complete this assignment.&nbsp;</p>
5442	MIDTERM EXAM (WRITING)	MODEL-GESL-10-Writing	851	<p><strong>DIRECTIONS: Write a short paragraph of at least 10 sentences to describe a holiday in your country. How do people celebrate the holiday?</strong></p><p><strong><br></strong></p><p>Why is it a special day? Use specific details and examples to support your description.&nbsp;</p><p><br></p><p>Make sure:</p><p>1.&nbsp;&nbsp;&nbsp;&nbsp;&nbsp;&nbsp;To organize the paragraph with a topic sentence, supporting sentences, and a concluding sentence.</p><p>2.&nbsp;&nbsp;&nbsp;&nbsp;&nbsp;&nbsp;To use specific details to describe sights, sounds, smells, tastes, and feelings in the supporting sentences.</p><p>3.&nbsp;&nbsp;&nbsp;&nbsp;&nbsp;&nbsp;To explain why the holiday is important in the concluding sentence.</p><p>4.&nbsp;&nbsp;&nbsp;&nbsp;&nbsp;&nbsp;To use proper grammar and punctuation, with a focus on descriptive adjectives.</p><br>
3938	Midterm EXAM: Writing	EHSS-11-3D-2022T1E	833	<p dir="ltr" style="text-align: left;"></p><p>Write a short paragraph of at least 10 sentences to describe a holiday in your country. How do people celebrate the holiday?</p><p>Why is it a special day? Use specific details and examples to support your description.&nbsp;</p><p>Make sure:</p><p>1.&nbsp;&nbsp;&nbsp;&nbsp;&nbsp;&nbsp;To organize the paragraph with a topic sentence, supporting sentences, and a concluding sentence.</p><p>2.&nbsp;&nbsp;&nbsp;&nbsp;&nbsp;&nbsp;To use specific details to describe sights, sounds, smells, tastes, and feelings in the supporting sentences.</p><p>3.&nbsp;&nbsp;&nbsp;&nbsp;&nbsp;&nbsp;To explain why the holiday is important in the concluding sentence.</p><p>4.&nbsp;&nbsp;&nbsp;&nbsp;&nbsp;&nbsp;To use proper grammar and punctuation, with a focus on descriptive adjectives.</p><br><p></p>
3775	EXAM I: Part II (ESSAY)	IEAP-3W-2022T1E	831	<p dir="ltr" style="text-align: left;"></p><p>Relatives are visiting you from far away.</p><p>Write a&nbsp; 3-paragraph Descriptive Essay about the place\nyou will take then to visit. </p>\n\n<p>The introduction\nprovides a hook, background information&nbsp; and contains a strong thesis\nstatement with your main idea.&nbsp; You should have one body paragraph with a topic sentence and several strong, specific, supporting details.&nbsp; You should be descriptive, and write at least one simile.&nbsp; Then, your concluding paragraph should restate your main idea in a different way, and resay your main points and maybe a final thought.&nbsp; Good luck, you can do it.&nbsp;</p>\n\n<p><span>Write\nyour own words.</span></p>\n\n<p><span>Do not\ncopy from the internet. Do not copy work from another student.</span></p><br><p></p>
659	ESSAY: Comparison-contrast essay	IEAP-4WM-2020T1E	820	<p style="color=" ffffff";=""><h5>Choose ONE of the following topics and write a 4-5 paragraph essay.</h5><p>Topics:</p><p>* Thai movies &amp; Khmer movies - compare/contrast movie styles in Cambodia and Thailand. Some ideas: what are the themes popular in Thai movies compared to Khmer movies, what is the quality of the film (images, production, sound, etc.)</p><p>* Rural life &amp; urban life - compare/contrast the differences in urban [city] and rural [country] life. Some ideas: compare the speed of life, cost of living, recreational activities, etc. Do NOT compare Siem Reap and Phnom Penh, but you may use Siem Reap and Phnom Penh as examples.</p><p>* Life now &amp; life 60 years ago - compare/contrast life now (before COVID) and life in the 1960s. What has changed? What remains the same?</p><p><br></p></p>
3895	Writing: Unit 2	EHSS-11-3D-2022T1E	795	<p dir="ltr" style="text-align: left;"></p><p></p><p></p><p>Write a short paragraph of at least 10 sentences to\ndescribe a special possession.&nbsp;</p>\n\n<p>Describe your special possession clearly including how it looks and feels. Express your feeling about your special possession. Explain why this special possession is meaningful to you.&nbsp; &nbsp;</p>\n\n<p>Make sure:</p><p><ol><li><span style="font-size: 0.9375rem;">To\norganize the paragraph with a topic sentence, supporting sentences, and a\nconcluding sentence.</span></li><li>To\nuse specific details to describe sights, sounds, smells, tastes, and feelings\nin the supporting sentences.</li><li>&nbsp;<!--[endif]-->To\nuse proper grammar and punctuation with a focus on descriptive adjectives.</li></ol></p>\n\n\n\n<br><p></p>
1446	Part 2: Writing 	IEAP-2W-2019-2020T3E	773	<p dir="ltr" style="text-align: left;"></p><p dir="ltr"><strong style="font-size: 0.9375rem;">Write a short paragraph to describe a holiday in your country. How do people celebrate the holiday? Why is it a special day? Use specific details and examples to support your description.&nbsp;&nbsp;</strong><br></p><p>Make sure:&nbsp;</p><p>1.&nbsp; To organize the paragraph with a topic sentence , supporting sentences, and a concluding sentence&nbsp;</p><p>2.&nbsp; To use specific details to describe sights, sounds, smells, tastes, and feelings in supporting sentences&nbsp;</p><p>3.&nbsp; To explains why the holiday is important in a concluding sentence.&nbsp;</p><p>4.&nbsp; &nbsp;To use proper grammar and punctuation, with a focus on descriptive adjectives.</p><p></p>
1780	Part 2: Writing 	IEAP-2W-2021T1E	773	<p dir="ltr" style="text-align: left;"></p><p dir="ltr"><strong style="font-size: 0.9375rem;">Write a short paragraph to describe a holiday in your country. How do people celebrate the holiday? Why is it a special day? Use specific details and examples to support your description.&nbsp;&nbsp;</strong><br></p><p>Make sure:&nbsp;</p><p>1.&nbsp; To organize the paragraph with a topic sentence , supporting sentences, and a concluding sentence&nbsp;</p><p>2.&nbsp; To use specific details to describe sights, sounds, smells, tastes, and feelings in supporting sentences&nbsp;</p><p>3.&nbsp; To explains why the holiday is important in a concluding sentence.&nbsp;</p><p>4.&nbsp; &nbsp;To use proper grammar and punctuation, with a focus on descriptive adjectives.</p><p></p>
5470	FINAL EXAM (WRITING)	MODEL-GESL-09-Writing	769	<p><strong><strong><span class="" style="color: rgb(0, 46, 184);">DIRECTIONS: Read the question below. You have 80 minutes to plan, write, and revise your paragraph. Typically, an effective response will contain a minimum of 150 words.</span></strong></strong><br></p><span><br><p style="font-weight: bold;"></p><p style="text-align: center; "><span style="">Do you agree or disagree with the following statement?</span></p><span style=""><p style="text-align: center; "><span>&nbsp; &nbsp; &nbsp; &nbsp;&nbsp;<span>&nbsp;<strong>"</strong></span></span><i><span><strong>Money does not make a person happy."</strong></span></i><br></p><p style="text-align: center; "><span style="">Use specific reasons and examples to support your opinion.</span></p></span></span><br>
391	IEAP 3 Final Exam Part 2: Essay	IEAP3W-2020T4E	718	<p>I want you to write your own comparison-contrast essay.&nbsp; You can pick your own topic, but I want you to pick two things (or places, people, etc.) that you can write well about.&nbsp; Please show what you learned the last two units in the grammar lessons with verb tenses, conjunctions, connectors, and comparatives. Like before, you can send me an outline in telegram if you want any feedback before you write your essay.&nbsp; This essay will be graded on form, unity, coherence, grammar and vocabulary.&nbsp; All of you have improved, some more than others.&nbsp; But now is your chance to show what you have learned.&nbsp; If you have questions, feel free to message me in telegram.&nbsp; Good Luck!<br></p>
3499	Write your own narrative essay	EHSS-12-3D-2021T3E	718	<p dir="ltr" style="text-align: left;">I want you all to write your own short story (in essay form) where you tell about an experience you had that made you learn something,.&nbsp; Your thesis statement should say a little about what you learned and why it is important.&nbsp; You can use the "A Scary Secret" (p.61) as a model, and the outline on page 76. Remember to use specific language and try to be descriptive.&nbsp; You should have an introductory paragraph, two body paragraphs, and a conclusion. You should use time adverbs to show the order things happened, and the past continuous to show things that were happening as your story develops.&nbsp; Feel free to message me if you have any questions.&nbsp;</p>
299	Midterm EXAM: Part 2 (Writing) 	IEAP1W-2020T4E	714	<p></p><h5><span style="font-size: 0.95rem;"><b>Write six sentences. Use two or more words from the word bank in\neach sentence.</b></span></h5><p align="left"><span style="font-size: 0.95rem;"><img src="@@PLUGINFILE@@/1.PNG" alt="Picture " width="620" height="175" class="img-responsive atto_image_button_text-bottom"><br></span></p>\n\n<p><b>Make sure: </b></p><p><b>1.&nbsp;Each sentence\ncontains a subject and a verb.</b></p><p><b>2.&nbsp;Most sentences\ncontain objects.</b></p><p><b>3.&nbsp;The writer uses\nproper word order.</b></p><p><b>4.&nbsp;Each sentence begins\nwith a capital letter.</b></p><p><b>5. Each sentence ends\nwith a period.</b><br></p>\n\n<p></p><br><br><p></p>\n\n<p><br></p><br><p></p>
332	Write an outline for your Narrative Essay	IEAP3W-2020T4E	711	<p>Please write an outline for your narrative essay you will write for the unit quiz.&nbsp; Please follow the form I have uploaded in the shared drive called '.... EAW outline p.60...'&nbsp; This way you can get practice making an outline and write a better essay.&nbsp; You can find the file in the shared drive at the top of the class page. I want you to start planning your narrative essay that you will write for your Unit 3 quiz.&nbsp; The topic of the essay is to tell a story about something that happened to you that you learned something from.&nbsp; Remember to follow the form, and get specific.&nbsp; Try to also describe things.&nbsp; Feel free to message me if you have any questions.&nbsp;<br></p>
1993	Outline for Narrative Essay	IEAP-3WM-2021T1E	685	<p dir="ltr" style="text-align: left;">The second step of academic writing is outlining.&nbsp;</p><p dir="ltr" style="text-align: left;">In this step you will write a hook, thesis statement, topic sentences, and a concluding sentence.</p><p dir="ltr" style="text-align: left;">Use the Outline Template attached.</p><p dir="ltr" style="text-align: left;">For this assignment, you can upload any file type. You can upload photos, word document, or PDF files of your outline.</p><p dir="ltr" style="text-align: left;">You must complete this assignment by Friday May 14.</p><p dir="ltr" style="text-align: left;">You must complete this assignment to receive full credit for this class.</p>
2419	Final EXAM: Part II (Writing) 	IEAP-1W-2021T2T2E	674	<p></p><p><b>Write a paragraph&nbsp;<b>about a time when someone gave you advice. What did the person tell you? How did the person‚Äôs words help you? Use specific details and examples to describe the events.</b></b></p>\n\n<p>Make sure:&nbsp;</p><ul><li>The paragraph\neffectively responds to the topic and task.</li><li>The paragraph is well\norganized, with a topic sentence and supporting detail sentences.</li><li>The paragraph\npresents background information in the past continuous.</li><li>The writer uses\ninfinitives properly to write about advice.</li><li>The writer uses\nproper grammar and punctuation, with special attention to past verb forms</li></ul><p></p>
3061	Final EXAM: Part II (Writing) 	IEAP-1W-2021T3E	674	<p></p><p><b>Write a paragraph&nbsp;<b>about a time when someone gave you advice. What did the person tell you? How did the person‚Äôs words help you? Use specific details and examples to describe the events.</b></b></p>\n\n<p>Make sure:&nbsp;</p><ul><li>The paragraph\neffectively responds to the topic and task.</li><li>The paragraph is well\norganized, with a topic sentence and supporting detail sentences.</li><li>The paragraph\npresents background information in the past continuous.</li><li>The writer uses\ninfinitives properly to write about advice.</li><li>The writer uses\nproper grammar and punctuation, with special attention to past verb forms</li></ul><p></p>
3760	Final EXAM: Part II (Writing)	IEAP-1W-2022T1E	674	<p></p><p><b>Write a paragraph&nbsp;<b>about a time when someone gave you advice. What did the person tell you? How did the person‚Äôs words help you? Use specific details and examples to describe the events.</b></b></p>\n\n<p>Make sure:&nbsp;</p><ul><li>The paragraph\neffectively responds to the topic and task.</li><li>The paragraph is well\norganized, with a topic sentence and supporting detail sentences.</li><li>The paragraph\npresents background information in the past continuous.</li><li>The writer uses\ninfinitives properly to write about advice.</li><li>The writer uses\nproper grammar and punctuation, with special attention to past verb forms</li></ul><p></p>
176	Unit 2: Descriptive Writing:  Write a paragraph	IEAP3W-2020T4E	673	<p>Write a descriptive paragraph using your brainstorm and ideas from our zoom chat about your favorite food.&nbsp; Remember, this is descriptive writing, so use adjectives and get specific.&nbsp; No general statements!&nbsp; Keep in mind that this, along with the feedback I give you will help you to write your first short essay, on the same topic.&nbsp; This short essay will be graded as the first part of the Unit 2 Quiz.&nbsp; Please do it as soon as possible to give me time to give you feedback, and you time to write your short essay next.&nbsp; It will be assigned on Saturday the 20th, and due on Tuesday the 23.&nbsp; Get to work, and good luck.&nbsp;&nbsp;</p>
866	Mid-term EXAM-Part II (Writing) 	IEAP-1WM-2020T1E	652	<p><b style="font-size: 0.95rem;">Write six sentences. Use two or\nmore words from the word bank in each sentence.</b></p><p><b><img src="@@PLUGINFILE@@/1.PNG?time=1603098122507" alt="" width="593" height="150" role="presentation" class="img-responsive atto_image_button_text-bottom"><br></b></p><p><b><p><b>Make sure:</b></p>\n\n<p><b>1.&nbsp;Each sentence contains a subject and a verb.</b></p>\n\n<p><b>2.&nbsp;Most\nsentences contain objects.</b></p>\n\n<p><b>3.&nbsp;The\nwriter uses proper word order.</b></p>\n\n<p><b>4.&nbsp;Each\nsentence begins with a capital letter.</b></p>\n\n<p><b>5. Each\nsentence ends with a period.</b></p><br></b></p>
4157	Chapter 4 Process (How To) Paragraph: Unit 4	EHSS-11-3D-2022T1E	645	<p dir="ltr" style="text-align: left;">Write a process (How to) paragraph.</p><p dir="ltr" style="text-align: left;">Describe the steps for choosing an important gift such as a wedding gift.</p><p dir="ltr" style="text-align: left;">How do you decide what to buy?</p><p dir="ltr" style="text-align: left;">Where do you go to buy it?</p><p dir="ltr" style="text-align: left;">Your process paragraph should have at least 10 good sentences and include a topic sentence, supporting sentences, and a concluding sentence.&nbsp;</p><p dir="ltr" style="text-align: left;">Please follow the 3 steps listed on pages 100 and 101 of the text book.&nbsp;</p>
2160	Brainstorming Compare and Contrast 	IEAP-3WM-2021T1E	633	<p dir="ltr" style="text-align: left;">Please brainstorm about two places to compare and contrast.</p><p dir="ltr" style="text-align: left;">Please see exercise 1 on page 84 of the Academic Writing Textbook.&nbsp;</p><p dir="ltr" style="text-align: left;">Also, you should read the compare and contrast brainstorm, outline, and essay regarding Phsar Leu Market and Makro Super Store posted in Moodle.</p><p dir="ltr" style="text-align: left;">You must complete this brainstorming activity by Thursday June 3.</p><p dir="ltr" style="text-align: left;">You must complete this assignment to receive full credit in this course.&nbsp;</p>
1134	Final Exam Part 2 The Opinion Paragraph	IEAP-2WE-2020T1E	621	<p>Write your own opinion paragraph about where you think is a good place to live. You need to have a good topic sentence with your controlling idea, at least 3 reasons to support your idea (a fact, an explanation, or an experience) and a concluding sentence. You can use the outline for opinion paragraphs that I put for you in Moodle.&nbsp; DO NOT COPY YOUR PARAGRAPH OR YOU WILL FAIL THE CLASS.&nbsp; There is&nbsp; no time to redo it.&nbsp; Good luck everyone, do your best.&nbsp; Try to fix your grammar before you submit it. And you need to send a text file, no pictures of handwriting or screenshots.&nbsp;<br></p>
3277	EXAM I: Part II (ESSAY) 	IEAP-3W-M-2021T3E	614	<p dir="ltr" style="text-align: left;"></p><p>Relatives are visiting you from far away.</p><p>Write a &nbsp;5-paragraph Descriptive Essay about the place\nyou will take then to visit. </p>\n\n<p>The introduction\nprovides a hook, background information&nbsp; and contains a strong thesis\nstatement listing three body paragraph topics. Body paragraphs include 3\nsupporting ideas with details or examples.&nbsp; Use proper grammar, spelling,\nand punctuation.</p>\n\n<p><span>Write\nyour own words.</span></p>\n\n<p><span>Do not\ncopy from the internet. Do not copy work from another student.</span></p><br><p></p>
1203	Midterm EXAM: Part 2 (Writing) 	IEAP-1W-2019-2020T3E	610	<p></p><p><b>Write six sentences.\nUse two or more words from the word bank in each sentence.</b></p>\n\n<p><b><img src="@@PLUGINFILE@@/1.PNG" alt="" width="593" height="150" role="presentation" class="img-responsive atto_image_button_text-bottom"><br></b></p><p><b>Make sure:</b></p>\n\n<p><b>1.&nbsp;Each\nsentence contains a subject and a verb.</b></p>\n\n<p><b>2.&nbsp;Most\nsentences contain objects.</b></p>\n\n<p><b>3.&nbsp;The\nwriter uses proper word order.</b></p>\n\n<p><b>4.&nbsp;Each\nsentence begins with a capital letter.</b></p>\n\n<p><b>5. Each\nsentence ends with a period.</b></p><br><p></p>
1774	Midterm EXAM: Part 2 (Writing) 	IEAP-1W-2021T1E	610	<p></p><p><b>Write six sentences.\nUse two or more words from the word bank in each sentence.</b></p>\n\n<p><b><img src="@@PLUGINFILE@@/1.PNG" alt="" width="593" height="150" role="presentation" class="img-responsive atto_image_button_text-bottom"><br></b></p><p><b>Make sure:</b></p>\n\n<p><b>1.&nbsp;Each\nsentence contains a subject and a verb.</b></p>\n\n<p><b>2.&nbsp;Most\nsentences contain objects.</b></p>\n\n<p><b>3.&nbsp;The\nwriter uses proper word order.</b></p>\n\n<p><b>4.&nbsp;Each\nsentence begins with a capital letter.</b></p>\n\n<p><b>5. Each\nsentence ends with a period.</b></p><br><p></p>
842	Midterm EXAM: Part 2 (Writing) 	IEAP-1WE-2020T1E	603	<p><p><b>Write six sentences.\nUse two or more words from the word bank in each sentence.</b></p>\n\n<p><b><img src="@@PLUGINFILE@@/1.PNG" alt="" width="593" height="150" role="presentation" class="img-responsive atto_image_button_text-bottom"><br></b></p><p><b>Make sure:</b></p>\n\n<p><b>1.&nbsp;Each\nsentence contains a subject and a verb.</b></p>\n\n<p><b>2.&nbsp;Most\nsentences contain objects.</b></p>\n\n<p><b>3.&nbsp;The\nwriter uses proper word order.</b></p>\n\n<p><b>4.&nbsp;Each\nsentence begins with a capital letter.</b></p>\n\n<p><b>5. Each\nsentence ends with a period.</b></p><br></p>
1035	Using reason to support an opinion	IEAP-2WE-2020T1E	581	<p>Do the Exercise 4 on page 143 in your book.&nbsp; Complete the sentences with a place for #2-4.&nbsp; Then write 3 sentences. One with a fact, one with an explanation, and one with an experience to support the opinion sentence.&nbsp; You can do the work and your book, or on a separated piece of paper and take a picture, or however you want to submit it.&nbsp; You can do this.&nbsp; It will&nbsp; help you to write your final paragraph late.&nbsp; Remember, assignments do count for your grade.&nbsp; You can do it!&nbsp; Send me a message if you have any questions.&nbsp;</p>
2163	Outline Compare and Contrast Essay	IEAP-3WM-2021T1E	570	<p dir="ltr" style="text-align: left;">Please use the outline template attached to outline the compare and contrast essay.</p><p dir="ltr" style="text-align: left;">Each student must complete the outline template attached by Friday June 4.</p><p dir="ltr" style="text-align: left;">Each student must complete the compare and contrast outline to receive full credit for this course.</p><p dir="ltr" style="text-align: left;">You can type or hand write the outline. If you hand write the outline, simply take photos of your outline and upload those photos into Moodle.</p>
623	Unit 1 Quiz Part 2 Writing a paragraph	IEAP-2WE-2020T1E	564	<p>Write a paragraph about Cambodia.&nbsp; You can say anything you want.&nbsp; Write it in the form of a paragraph as shown on page 3. But I want you to have a good topic sentence with a strong controlling idea.&nbsp; Then have at least a 5 supporting sentences.&nbsp; Make sure each one supports the controlling idea by giving more details, examples, facts, or explanations.&nbsp; Then write a concluding sentence. Make sure you use punctuation.&nbsp; Try to not write run-on sentences. You will be grade on form, grammar and ideas. GOOD LUCK! You can DO IT!</p>
92	Unit 1 Assessment 2	IEAP3W-2020T4E	520	<p>Practice writing your own introductory paragraph.&nbsp; Food is your topic.&nbsp; &nbsp;You can write whatever you want to about food, but remember to make a strong topic sentence, with a specific controlling idea.&nbsp; Get specific, not general and remember, your topic sentence should not just be a general statement.&nbsp; Then write at least 4 supporting sentences, making sure they have coherence and unity.&nbsp; Finish by writing a good concluding sentence.&nbsp; &nbsp;Good luck!&nbsp; You can do it.<br></p>
863	Midterm Part 2 The Descriptive Paragraph	IEAP-2WE-2020T1E	508	<p>Write a descriptive paragraph about your favorite place to go.&nbsp; Have a GOOD topic sentence, supporting sentences, and a concluding sentence. Use adjectives to describe how the place looks, sounds, feels, smells. Use specific language to say more about the place.&nbsp; I want to see, hear, smell, and feel the place from your words. You will be graded on your descriptions, use of specific language, paragraph form and grammar.&nbsp; You can use the outline on page 50 to help you. You can do it!</p>
3754	Writing	IEAP-1W-2022T1E	502	<p dir="ltr" style="text-align: left;"></p><p><span style="font-size: 0.9375rem;">Write at least 20 sentences&nbsp; to describe the place where you live. What do you like or dislike about it?&nbsp;</span><br></p><p>&nbsp; &nbsp;- Use prepositional phrases to describe location.</p><p>&nbsp; &nbsp;- Use there is and there are&nbsp; with singular and plural nouns</p><p>&nbsp; &nbsp;- Use proper grammar and punctuation, with a focus on correct use of the articles a and an with single nouns.</p><p></p>
965	Sensory and Emotional Details	IEAP-2WE-2020T1E	501	<p>In your book on pages 115, and 116, write a supporting sentence with Sensory or Emotional details for each of the sentences in exercises 4 and 5.&nbsp; Page 115 is Sensory details, and Page 116 is Emotional details. Try to write in complete sentences.&nbsp; You can write in your book or another journal, and take a picture and send it in. This is to help you practice for the Unit Quiz, where you will write your own Narrative paragraph. Message me in telegram if you have any questions.&nbsp;</p>
2166	Compare and Contrast Essay Unit 4	IEAP-3WM-2021T1E	461	<p dir="ltr" style="text-align: left;">Please write a 5 paragraph compare and contrast essay.</p><p dir="ltr" style="text-align: left;">In Unit 4, we are studying&nbsp; compare and contrast essay.</p><p dir="ltr" style="text-align: left;">Please follow the books examples and compare and contrast two places.</p><p dir="ltr" style="text-align: left;">You could compare and contrast two markets, two cities, two schools or any other two places that you want.</p>
991	Narrative Paragraph Unit Quiz	IEAP-2WE-2020T1E	455	<p>Write your own narrative paragraph about a challenging situation from your life.&nbsp; Tell your own story, and use at least one sensory detail and at least one emotional detail. You will be graded on form, grammar, and sentence structure. You can use the outline in the shared drive named Narrative Paragraph Outline. Remember, you will be using mostly the simple past and the past continuous when necessary and accurate. Good luck. You can do it!</p>
467	Write your first paragraph.  Topic: Rainy Season	IEAP-2WE-2020T1E	445	<p>Write a paragraph about rainy season.&nbsp; The paragraph should have a good topic sentence with a strong controlling idea.&nbsp; Then you should have a least 4 supporting sentences, and a concluding sentence.&nbsp; The paragraph should have Unity, and Coherence. You will be graded on grammar, organization, and unity and coherence.&nbsp; You can do it!&nbsp; Good luck. Feel free to message me if you have any questions.&nbsp;&nbsp;<br></p>
917	Mid-Term Essay	IEAP-4WM-2020T1E	443	<h5><span class="" style="color: rgb(0, 61, 245);"><b>Write a 5-paragraph cause-and-effect essay:</b></span></h5>\n<h5><b>TOPIC: Children who play team sports have better communications skills and higher confidence</b></h5><p><b><br></b></p><p><b>Information on cause-and-effects essay can be found in the textbook in Unit 3.</b></p><p><b>Your essay should have an introductory paragraph, 3 body paragraphs, and a concluding paragraph.</b></p>
872	OUTLINE for Comparison-Contrast Essay	IEAP-3WM-2020T1E	442	<p>Using ONE (1) of the topics from page 102, make an outline (like page 100) for a comparison-contrast essay.</p><p><span style="font-size: 0.95rem;">1. Hook</span><br></p><p>2. Background information</p><p>3. Thesis Statement</p><p>4. Topic &amp; controlling idea for Body Paragraph #1</p><p>5. Topic &amp; controlling idea for Body Paragraph #2</p><p>6. Topic &amp; controlling idea for Body Paragraph #3</p><p>7. Summary &amp; Comment</p>
3172	Exercise: Writing supporting sentences 	IEAP-3W-M-2021T3E	432	<p dir="ltr" style="text-align: left;"></p><p>Write two supporting sentences for\neach topic sentence.</p><p>1. A few years ago I had a frightening\nexperience.</p>\n\n<p>2. Maintaining a healthy body requires\nexercise and a balanced diet.</p>\n\n<p>3. Many people find city life exciting.</p>\n\n<p>4. The ability to speak more than one\nlanguage is becoming more important than ever in the 21<sup>st</sup> century.</p><br><p></p>
3772	Exercise: Writing supporting sentences 	IEAP-3W-2022T1E	422	<p dir="ltr" style="text-align: left;"></p><p>Write two supporting sentences for\neach topic sentence.</p><p>1. A few years ago I had a frightening\nexperience.</p>\n\n<p>2. Maintaining a healthy body requires\nexercise and a balanced diet.</p>\n\n<p>3. Many people find city life exciting.</p>\n\n<p>4. The ability to speak more than one\nlanguage is becoming more important than ever in the 21<sup>st</sup> century.</p><br><p></p>
1116	Final Essay	IEAP-4WM-2020T1E	413	<p>Write a 5-paragraph cause-and-effect essay on the subject: "Effects of the COVID-19 Pandemic on Siem Reap".</p><p>The essay should contain an introductory paragraph (with hook, background, and thesis statement), 3 body paragraphs, and a solid conclusion.</p><p><b style="font-size: 0.95rem;"><span class="" style="color: rgb(255, 51, 102);">DUE: Saturday night, 11pm, 12 December 2020.&nbsp;</span></b><br></p>
2806	Final EXAM (Writing) 	IEAP-2W-2021T2T2E	406	<p dir="ltr" style="text-align: left;"><p><strong>Write about the following topic:</strong></p>\n\n<p><i><strong>Teachers should be paid\nmore when their students get high scores on tests. </strong></i></p>\n\n<p><i><strong>Do you agree or\ndisagree? </strong></i></p>\n\n<p><strong>Give reasons for your answer and\ninclude any relevant examples from your own knowledge or experience.</strong></p><br></p>
2821	Final EXAM (Writing)  	IEAP-2W-2021T2T2E	406	<p dir="ltr" style="text-align: left;"><p><strong>Write about the following topic:</strong></p>\n\n<p><i><strong>Teachers should be paid\nmore when their students get high scores on tests. </strong></i></p>\n\n<p><i><strong>Do you agree or\ndisagree? </strong></i></p>\n\n<p><strong>Give reasons for your answer and\ninclude any relevant examples from your own knowledge or experience.</strong></p><br></p>
3076	Final EXAM (Writing) 	IEAP-2W-2021T3E	406	<p dir="ltr" style="text-align: left;"><p><strong>Write about the following topic:</strong></p>\n\n<p><i><strong>Teachers should be paid\nmore when their students get high scores on tests. </strong></i></p>\n\n<p><i><strong>Do you agree or\ndisagree? </strong></i></p>\n\n<p><strong>Give reasons for your answer and\ninclude any relevant examples from your own knowledge or experience.</strong></p><br></p>
5448	FINAL EXAM (WRITING)	MODEL-GESL-10-Writing	398	<p dir="ltr" style="text-align: left;">DIRECTIONS: Write an opinion paragraph about the features of a place you would like to live in outside of Siem Reap.&nbsp;</p><p dir="ltr" style="text-align: left;">Consider a few of these points; entertainment, weather, employment, education, health care, culture, safety, costs, nature, transportation, housing or any other feature important to you.<br></p>
9105	Midterm Exam (Written Exam)	MODEL-EHSS-10-Writing	398	<p dir="ltr">Special Note to Writing Teachers:</p><p dir="ltr">Exam topics have been posted on the LPD Programs (Padlet) page.&nbsp;<strong>Please select one of the approved topics listed in the EHSS Writing section on the Padlet.</strong>&nbsp;You can choose the writing topic that is most appropriate for your class and students. If you have any questions, please ask the LPD team. Thank you!</p>
9108	Final Exam (Written Exam)	MODEL-EHSS-10-Writing	398	<p dir="ltr">Special Note to Writing Teachers:</p><p dir="ltr">Exam topics have been posted on the LPD Programs (Padlet) page.&nbsp;<strong>Please select one of the approved topics listed in the EHSS Writing section on the Padlet.</strong>&nbsp;You can choose the writing topic that is most appropriate for your class and students. If you have any questions, please ask the LPD team. Thank you!</p>
9111	Midterm Exam (Written Exam)	MODEL-EHSS-11-Writing	398	<p dir="ltr">Special Note to Writing Teachers:</p><p dir="ltr">Exam topics have been posted on the LPD Programs (Padlet) page.&nbsp;<strong>Please select one of the approved topics listed in the EHSS Writing section on the Padlet.</strong>&nbsp;You can choose the writing topic that is most appropriate for your class and students. If you have any questions, please ask the LPD team. Thank you!</p>
9114	Final Exam (Written Exam)	MODEL-EHSS-11-Writing	398	<p dir="ltr">Special Note to Writing Teachers:</p><p dir="ltr">Exam topics have been posted on the LPD Programs (Padlet) page.&nbsp;<strong>Please select one of the approved topics listed in the EHSS Writing section on the Padlet.</strong>&nbsp;You can choose the writing topic that is most appropriate for your class and students. If you have any questions, please ask the LPD team. Thank you!</p>
9123	Midterm Exam (Written Exam)	MODEL-EHSS-12-Writing	398	<p dir="ltr">Special Note to Writing Teachers:</p><p dir="ltr">Exam topics have been posted on the LPD Programs (Padlet) page.&nbsp;<strong>Please select one of the approved topics listed in the EHSS Writing section on the Padlet.</strong>&nbsp;You can choose the writing topic that is most appropriate for your class and students. If you have any questions, please ask the LPD team. Thank you!</p>
9126	Final Exam (Written Exam)	MODEL-EHSS-12-Writing	398	<p dir="ltr">Special Note to Writing Teachers:</p><p dir="ltr">Exam topics have been posted on the LPD Programs (Padlet) page.&nbsp;<strong>Please select one of the approved topics listed in the EHSS Writing section on the Padlet.</strong>&nbsp;You can choose the writing topic that is most appropriate for your class and students. If you have any questions, please ask the LPD team. Thank you!</p>
3769	Final EXAM (Writing) 	IEAP-2W-2022T1E	397	<p dir="ltr" style="text-align: left;"><p><strong>Write about the following topic:</strong></p>\n\n<p><i><strong>Teachers should be paid\nmore when their students get high scores on tests. </strong></i></p>\n\n<p><i><strong>Do you agree or\ndisagree? </strong></i></p>\n\n<p><strong>Give reasons for your answer and\ninclude any relevant examples from your own knowledge or experience.</strong></p><br></p>
1119	Final Essay	IEAP-3WM-2020T1E	392	<p><p>Write a 5-paragraph cause-and-effect essay on the subject: "Effects of the COVID-19 Pandemic on Siem Reap".</p><p>The essay should contain an introductory paragraph (with hook, background, and thesis statement), 3 body paragraphs, and a solid conclusion.</p><p><b><span class="" style="color: rgb(255, 51, 102);">DUE: Saturday night, 11pm, 12 December 2020.&nbsp;</span></b></p><br></p>
920	Mid-term Exam - ESSAY	IEAP-3WM-2020T1E	381	<h5><b><span class="" style="color: rgb(0, 46, 184);">Write a 5-paragraph comparison-contrast essay on:</span></b></h5><h5><b>TOPIC:&nbsp;Traditional learning vs. e-Learning</b></h5><p><br></p><p>Your paragraph should have an introductory paragraph, 3 body paragraphs, and a concluding paragraph.</p><p>For information on comparison-contrast essays, see unit 4 in the textbook.</p>
608	Writing Sample	IEAP-4WM-2020T1E	379	<p><p>Write a paragraph about what an ideal short vacation would be for you.</p><p>You have 5 days vacation and enough money. What would you do? Stay at home and go out to eat in a nice restaurant? Take a small trip to Kampot?</p><p>Make sure your paragraph has a topic sentence, strong supporting sentences, and a conclusion that relates to the topic.</p><p><br>\n\n</p><br></p>
2953	Make up EXAM (For Kheang Sokim) 	IEAP-2W-2021T2T2E	358	<p dir="ltr" style="text-align: left;"></p><p><b><span lang="EN-GB">Write a paragraph about&nbsp;<u>this topic</u>:</span></b></p><p><b>Employers like to hire people who prepare well for job interviews. Describe an effective process, the steps for preparing for a job interview. Use specific details and examples in your answer.</b><b></b></p><br><br><p></p>
3070	EXAM II (Writing)  	IEAP-2W-2021T3E	358	<p dir="ltr" style="text-align: left;"></p><p><b><span lang="EN-GB">Write a paragraph\nabout <u>this topic</u>: </span></b></p>\n\n<p><b>Employers\nlike to hire people who prepare well for job interviews. Describe an effective\nprocess, the steps for preparing for a job interview. Use specific details and\nexamples in your answer.</b><b></b></p><br><p></p>
3766	EXAM II (Writing)	IEAP-2W-2022T1E	358	<p dir="ltr" style="text-align: left;"></p><p><b><span lang="EN-GB">Write a paragraph\nabout <u>this topic</u>: </span></b></p>\n\n<p><b>Employers\nlike to hire people who prepare well for job interviews. Describe an effective\nprocess, the steps for preparing for a job interview. Use specific details and\nexamples in your answer.</b><b></b></p><br><p></p>
3757	EXAM II (Writing)	IEAP-1W-2022T1E	353	<p dir="ltr" style="text-align: left;"></p><p></p><p><b><span lang="EN-GB">Write a paragraph about&nbsp;<u>this topic</u>:</span></b></p><p><b>Many people say that happiness comes from&nbsp;<u>helping others</u>. Write about a time when you helped someone. Use specific details and examples to describe your own experience.</b></p><br><p></p><br><p></p>
2650	EXAM (Writing) Morning 	IEAP-2W-2021T2T2E	351	<p dir="ltr" style="text-align: left;"><p><b><span lang="EN-GB">Write a paragraph\nabout <u>this topic</u>: </span></b></p>\n\n<p><b>Employers\nlike to hire people who prepare well for job interviews. Describe an effective\nprocess, the steps for preparing for a job interview. Use specific details and\nexamples in your answer.</b><b></b></p><br></p>
2710	EXAM (Writing)  Evening 	IEAP-2W-2021T2T2E	351	<p dir="ltr" style="text-align: left;"><p><b><span lang="EN-GB">Write a paragraph\nabout <u>this topic</u>: </span></b></p>\n\n<p><b>Employers\nlike to hire people who prepare well for job interviews. Describe an effective\nprocess, the steps for preparing for a job interview. Use specific details and\nexamples in your answer.</b><b></b></p><br></p>
2638	EXAM II (Writing) 	IEAP-1W-2021T2T2E	327	<p dir="ltr" style="text-align: left;"><p><b><span lang="EN-GB">Write a paragraph\nabout <u>this topic</u>: </span></b></p>\n\n<p><b>Many\npeople say that happiness comes from <u>helping others</u>. Write about a time\nwhen you helped someone. Use specific details and examples to describe your own\nexperience.</b></p><br></p>
3058	EXAM II (Writing) 	IEAP-1W-2021T3E	327	<p dir="ltr" style="text-align: left;"><p><b><span lang="EN-GB">Write a paragraph\nabout <u>this topic</u>: </span></b></p>\n\n<p><b>Many\npeople say that happiness comes from <u>helping others</u>. Write about a time\nwhen you helped someone. Use specific details and examples to describe your own\nexperience.</b></p><br></p>
413	Introduction - Writing about you.	IEAP-2WE-2020T1E	301	<p>Please write at least 5 sentences about you.&nbsp; You can write whatever you want.&nbsp; This is a chance for me to see how you write so far.&nbsp; It is important I know where you have trouble so I can help you the best I can.&nbsp; Good luck, and look forward to reading about you.&nbsp;<br></p>
446	Introduction - Writing about you.	IEAP-2WM-2020T1E	301	<p>Please write at least 5 sentences about you.&nbsp; You can write whatever you want.&nbsp; This is a chance for me to see how you write so far.&nbsp; It is important I know where you have trouble so I can help you the best I can.&nbsp; Good luck, and look forward to reading about you.&nbsp;<br></p>
385	FINAL EXAM-PART I (WRITING) 	IEAP2W-2020T4E	298	<p><img src="@@PLUGINFILE@@/7.1.PNG" alt="" width="716" height="549" role="presentation" class="img-responsive atto_image_button_text-bottom"><br></p><p><img src="@@PLUGINFILE@@/7.PNG" alt="" width="775" height="604" role="presentation" class="img-responsive atto_image_button_text-bottom"><br></p>
764	EXERCISE: Attributing quotes to sources (p. 98)	IEAP-4WM-2020T1E	288	<h5>Use the chart at the bottom of page 98 and write each quotation properly here.</h5><p><br></p><p><img src="@@PLUGINFILE@@/Screen%20Shot%202020-10-08%20at%2017.18.46.png" alt="" width="1237" height="403" role="presentation" class="img-responsive atto_image_button_text-bottom"><br></p>
3637	EXAM III ( Essey) 	IEAP-3W-M-2021T3E	279	<p dir="ltr"><strong><span style="font-size: 14.25px;">Technology can improve lives, but it can also create new problems in society.&nbsp;</span>Write an opinion essay about a controversy involving technology and how it affects individuals, families, and/or society.</strong></p>
3784	EXAM III ( Essey) 	IEAP-3W-2022T1E	279	<p dir="ltr"><strong><span style="font-size: 14.25px;">Technology can improve lives, but it can also create new problems in society.&nbsp;</span>Write an opinion essay about a controversy involving technology and how it affects individuals, families, and/or society.</strong></p>
644	WRITING: Descriptive Essay	IEAP-3WM-2020T1E	259	<h4>Write a 4-5 paragraph descriptive essay.</h4>\n<p>Describe a place that has special significance for you.&nbsp;</p>\n<p>Describe where it is, what the place looks like, the people who live there, and the feelings you have about the place.</p>\n<p><br></p>
722	ESSAY WRITING: Cause-and-effect Essay	IEAP-4WM-2020T1E	251	<h5>Write a 5-paragraph essay about the causes of stress in Siem Reap right now. [Please talk about the causes of stress for people in general and not just your own personal stress.]</h5><p>Due by Saturday night, 10 October at 11pm. No extensions.</p>
2476	Writing  ( For both morning and evening classes)	IEAP-1W-2021T2T2E	239	<p dir="ltr" style="text-align: left;"></p><p><strong>Write six sentences. Use two or more words from the word bank in\neach sentence.</strong></p><img src="@@PLUGINFILE@@/image.png" alt="" role="presentation" class="img-fluid"><br><p></p>
3055	Writing  	IEAP-1W-2021T3E	239	<p dir="ltr" style="text-align: left;"></p><p><strong>Write six sentences. Use two or more words from the word bank in\neach sentence.</strong></p><img src="@@PLUGINFILE@@/image.png" alt="" role="presentation" class="img-fluid"><br><p></p>
3154	Introduction	EHSS-12-3D-2021T3E	234	<p dir="ltr" style="text-align: left;">Write a paragraph about yourself.&nbsp; You can say anything you want, but I want to see how your grammar and sentence structure are now. Try to use your best grammar possible. Good luck.<br></p>
146	IEAP Unit1 Quiz Part 2	IEAP3W-2020T4E	199	<p>Write a paragraph, with a good topic sentence, supporting sentences and a concluding sentence.&nbsp; You can choose your own topic, but remember, be specific.&nbsp; Not general statements!<br></p>
464	Homework	IEAP-1GM-2020T1E	162	<p>Write a short paragraph about "your Best Friend's Biography"</p><p>- Use the correct form of Present Simple.</p><p>- Maximum 10 sentences in your paragraph</p>
725	ESSAY WRITING. Narrative essay.	IEAP-3WM-2020T1E	144	<h5>Due Saturday, 10 October at 11pm.<br>Write a 5-paragraph narrative essay about ONE of the topics on page 78 in the textbook.</h5><p><br></p>
773	Mod 04, Lesson 01 - Vocab 	IEAP-4GE-2020T1E	128	<iframe src="https://quizlet.com/535276733/match/embed?i=10oe0s&amp;x=1jj1" height="500" width="100%" style="border:0"></iframe>
8236	Exam 1 Essay	MODEL-IEAP-4W	92	<p dir="ltr" style="text-align: left;"><strong><br></strong></p><strong><br></strong><p></p>
3886	Testing	IEAP-1W-2022T1E	71	<p dir="ltr" style="text-align: left;">Write a paragraph about.....</p>
5081	EXAM 2 (Written Exam)	MODEL-IEAP-3W	25	<p dir="ltr"><br></p><br>
1023	Draft of reaction essay about "The Ninny"	IEAP-4WM-2020T1E	0	
1083	Final - Reaction essay - "The Ninny"	IEAP-4WM-2020T1E	0	
1086	Draft of Classification Essay	IEAP-4WM-2020T1E	0	
1089	Final - Classification Essay	IEAP-4WM-2020T1E	0	
4847	EXAM 1 (Written Exam)	MODEL-IEAP-1W	0	
4850	EXAM 2 (Written Exam)	MODEL-IEAP-1W	0	
4853	EXAM 3 (Written Exam)	MODEL-IEAP-1W	0	
4865	EXAM 1 (Written Exam)	MODEL-IEAP-2W	0	
4868	EXAM 2 (Written Exam)	MODEL-IEAP-2W	0	
4871	EXAM 3 (Written Exam)	MODEL-IEAP-2W	0	
5078	EXAM 1 (Written Exam)	MODEL-IEAP-3W	0	
5084	EXAM 3 (Written Exam)	MODEL-IEAP-3W	0	
8242	Exam 2 Essay	MODEL-IEAP-4W	0	
8245	Exam 3 Essay	MODEL-IEAP-4W	0	
9372	Midterm Exam	MODEL-Blueprint-2	0	
9375	Final Exam	MODEL-Blueprint-2	0	
7432	MIDTERM EXAM	MODEL-EHSS-COMP	0	
7435	FINAL EXAM	MODEL-EHSS-COMP	0	
9366	Midterm Exam	MODEL-Blueprint-1	0	
9369	Final Exam	MODEL-Blueprint-1	0	
9378	Midterm Exam	MODEL-Blueprint-3	0	
9381	Final Exam	MODEL-Blueprint-3	0	
11250	Midterm Exam	MODEL-Blueprint-4	0	
11253	Final Exam	MODEL-Blueprint-4	0	
9384	Midterm Exam	MODEL-EXPR-1	0	
9387	Final Exam	MODEL-EXPR-1	0	
9390	Midterm Exam	MODEL-EXPR-2	0	
9393	Final Exam	MODEL-EXPR-2	0	
